{
    "project": {
        "name": "sidiaTest",
        "description": "",
        "version": "1.0.0",
        "url": ""
    },
    "files": {
        "js/dev/modules/main.js": {
            "name": "js/dev/modules/main.js",
            "modules": {},
            "classes": {
                "ChannelsSearch": 1
            },
            "fors": {},
            "namespaces": {}
        },
        "js/dev/modules/utils.js": {
            "name": "js/dev/modules/utils.js",
            "modules": {},
            "classes": {
                "Utils": 1
            },
            "fors": {},
            "namespaces": {}
        }
    },
    "modules": {},
    "classes": {
        "ChannelsSearch": {
            "name": "ChannelsSearch",
            "shortname": "ChannelsSearch",
            "classitems": [],
            "plugins": [],
            "extensions": [],
            "plugin_for": [],
            "extension_for": [],
            "file": "js/dev/modules/main.js",
            "line": 4,
            "description": "Classe que trata UI e rotinas de busca"
        },
        "Utils": {
            "name": "Utils",
            "shortname": "Utils",
            "classitems": [],
            "plugins": [],
            "extensions": [],
            "plugin_for": [],
            "extension_for": [],
            "file": "js/dev/modules/utils.js",
            "line": 3,
            "description": "Conjunto de funções utilitárias"
        }
    },
    "classitems": [
        {
            "file": "js/dev/modules/main.js",
            "line": 21,
            "description": "Busca vídeo e preenche o carrossel caso existe um canal.\nSenão, mostra um modal indicando o erro.",
            "itemtype": "method",
            "name": "searchChannel",
            "params": [
                {
                    "name": "channel",
                    "description": "- Canal a ser pesquisado.",
                    "type": "String"
                }
            ],
            "return": {
                "description": "",
                "type": "Void"
            },
            "class": "ChannelsSearch"
        },
        {
            "file": "js/dev/modules/main.js",
            "line": 111,
            "description": "Inicia o módulo.",
            "itemtype": "method",
            "name": "init",
            "return": {
                "description": "",
                "type": "Void"
            },
            "class": "ChannelsSearch"
        },
        {
            "file": "js/dev/modules/utils.js",
            "line": 17,
            "description": "Retorna a url do canal a ser pesquisado",
            "itemtype": "method",
            "name": "seachChannel",
            "params": [
                {
                    "name": "channel",
                    "description": "- Canal a ser pesquisado.",
                    "type": "String"
                }
            ],
            "return": {
                "description": "url do canal",
                "type": "String"
            },
            "class": "Utils"
        },
        {
            "file": "js/dev/modules/utils.js",
            "line": 30,
            "description": "Redimensiona o embed do vídeo de acordo com um contexto",
            "itemtype": "method",
            "name": "resizeVideos",
            "params": [
                {
                    "name": "iframes",
                    "description": "- objeto jquery do iframe a ser redimensionado",
                    "type": "Object"
                },
                {
                    "name": "context",
                    "description": "- objeto jquery do contexto ao qual o iframe será redimensionado",
                    "type": "Object"
                }
            ],
            "class": "Utils"
        },
        {
            "file": "js/dev/modules/utils.js",
            "line": 62,
            "description": "Exibe o modal com conteúdos passados na assinatura do método",
            "itemtype": "method",
            "name": "showModal",
            "params": [
                {
                    "name": "modal",
                    "description": "- objeto jquery do Modal",
                    "type": "Object"
                },
                {
                    "name": "title",
                    "description": "- Título do modal",
                    "type": "String"
                },
                {
                    "name": "content",
                    "description": "- Conteúdo do modal",
                    "type": "String"
                }
            ],
            "class": "Utils"
        },
        {
            "file": "js/dev/modules/utils.js",
            "line": 87,
            "description": "Retorna o ID de um vídeo do Youtube",
            "itemtype": "method",
            "name": "getVideoID",
            "params": [
                {
                    "name": "videoURL",
                    "description": "- URL do vídeo",
                    "type": "String"
                }
            ],
            "return": {
                "description": "parte da URL contendo o ID do vídeo",
                "type": "String"
            },
            "class": "Utils"
        },
        {
            "file": "js/dev/modules/utils.js",
            "line": 103,
            "description": "Carrega os templates a serem usados no projeto",
            "itemtype": "method",
            "name": "requestPartials",
            "params": [
                {
                    "name": "partialsFile",
                    "description": "- URL do arquivo contendo templates",
                    "type": "String"
                }
            ],
            "return": {
                "description": "Callback de tratamento",
                "type": "Function"
            },
            "class": "Utils"
        }
    ],
    "warnings": [
        {
            "message": "replacing incorrect tag: returns with return",
            "line": " js/dev/modules/utils.js:87"
        },
        {
            "message": "replacing incorrect tag: returns with return",
            "line": " js/dev/modules/utils.js:103"
        }
    ]
}